"","resist_class","area_ha","perc_area","rank"
"1","Loss of mature forest",1841.45341038621,18.1774995102485,1
"2","No resistance",1536.90312408846,15.1711988084228,2
"3","Low resistance",266.326217755798,2.62898027477492,4
"4","Moderate resistance",4379.58002643258,43.2320542765595,5
"5","High resistance",2106.13722133695,20.7902671299943,6
