"","resist_class","area_ha","perc_area","rank"
"1","Loss of mature forest",1500.93,14.8160980810235,1
"2","No resistance",1428.31,14.0992458343205,2
"3","Faded resistance",817.87,8.07342256969123,3
"4","Low resistance",299.05,2.95200584379689,4
"5","Moderate resistance",4093.55,40.4085722182737,5
"6","High resistance",1990.69,19.6506554528943,6
