times_treated,area_ha_trt,area_ha_fire
1,2151.5210327398318,6212.455013980915
2,3469.012376555303,377.42207124057643
4,762.6885700290104,0
3,1798.4881450233922,0
6,112.97310873548655,0
5,328.2927382427069,0
7,83.34089512638323,0
8,43.732379191750056,0
