times_treated,area_ha_trt,area_ha_fire
1,2152.329218392242,6211.292136705089
2,3478.259846021636,376.95306718892
4,753.3753177097876,0
3,1795.4757839107592,0
6,112.97310874052933,0
5,325.75570066641995,0
7,83.34089511828212,0
8,43.732379191750056,0
